{"loss": [1.216317892074585, 0.5632349848747253, 0.3548809885978699, 0.23656415939331055, 0.20380191504955292, 0.15599456429481506, 0.13116465508937836, 0.13228721916675568, 0.1049729660153389, 0.09826817363500595, 0.09516319632530212, 0.09255320578813553, 0.07957328110933304, 0.07699616253376007, 0.05894921347498894, 0.058053191751241684], "accuracy": [0.6011734008789062, 0.8233215808868408, 0.8912594318389893, 0.9288619160652161, 0.9374625086784363, 0.9533302187919617, 0.95879727602005, 0.95799720287323, 0.9677311778068542, 0.9689979553222656, 0.9707980751991272, 0.9704647064208984, 0.9757983684539795, 0.9748650193214417, 0.9817987680435181, 0.9817321300506592], "val_loss": [0.583909809589386, 0.37810829281806946, 0.2570001482963562, 0.16213257610797882, 0.1636580377817154, 0.15041476488113403, 0.1188887432217598, 0.12495455145835876, 0.14952415227890015, 0.10209526866674423, 0.2048223614692688, 0.35689252614974976, 0.13271181285381317, 0.08415882289409637, 0.11222169548273087, 0.14980587363243103], "val_accuracy": [0.8094761371612549, 0.8755422234535217, 0.9255922436714172, 0.954954981803894, 0.959626317024231, 0.9572906494140625, 0.9673006534576416, 0.9656323194503784, 0.9599599838256836, 0.9786453247070312, 0.9429429173469543, 0.9025692343711853, 0.965965986251831, 0.9796463251113892, 0.9729729890823364, 0.9679679870605469]}