{"loss": [1.300425410270691, 0.5128542184829712], "accuracy": [0.5715047717094421, 0.8365890979766846], "val_loss": [0.6540507674217224, 0.6958367824554443], "val_accuracy": [0.7954621315002441, 0.8171504735946655]}